market,commodity,price_per_kg,timestamp
Mumbai,Avocado,195.0,2026-09-21T06:00:00Z
Pune,Avocado,185.0,2026-09-21T06:00:00Z
Hyderabad,Avocado,175.0,2026-09-21T06:00:00Z
Bengaluru,Avocado,190.0,2026-09-21T06:00:00Z
Chennai,Avocado,180.0,2026-09-21T06:00:00Z
Delhi,Avocado,215.0,2026-09-21T06:00:00Z
Mumbai,Banana,45.0,2026-09-21T06:00:00Z
Pune,Banana,42.0,2026-09-21T06:00:00Z
Hyderabad,Banana,40.0,2026-09-21T06:00:00Z
Bengaluru,Banana,44.0,2026-09-21T06:00:00Z
Chennai,Banana,43.0,2026-09-21T06:00:00Z
Delhi,Banana,52.0,2026-09-21T06:00:00Z
Mumbai,Tomato,38.0,2026-09-21T06:00:00Z
Pune,Tomato,34.0,2026-09-21T06:00:00Z
Hyderabad,Tomato,32.0,2026-09-21T06:00:00Z
Bengaluru,Tomato,36.0,2026-09-21T06:00:00Z
Chennai,Tomato,35.0,2026-09-21T06:00:00Z
Delhi,Tomato,44.0,2026-09-21T06:00:00Z
Mumbai,Mango,125.0,2026-09-21T06:00:00Z
Pune,Mango,115.0,2026-09-21T06:00:00Z
Hyderabad,Mango,110.0,2026-09-21T06:00:00Z
Bengaluru,Mango,120.0,2026-09-21T06:00:00Z
Chennai,Mango,118.0,2026-09-21T06:00:00Z
Delhi,Mango,145.0,2026-09-21T06:00:00Z
Mumbai,Apple,155.0,2026-09-21T06:00:00Z
Pune,Apple,150.0,2026-09-21T06:00:00Z
Hyderabad,Apple,148.0,2026-09-21T06:00:00Z
Bengaluru,Apple,152.0,2026-09-21T06:00:00Z
Chennai,Apple,150.0,2026-09-21T06:00:00Z
Delhi,Apple,138.0,2026-09-21T06:00:00Z
