market,commodity,price_per_kg,currency,last_updated
Mumbai,Avocado,180.00,INR,2026-09-21T06:00:00Z
Mumbai,Banana,35.00,INR,2026-09-21T06:00:00Z
Mumbai,Tomato,40.00,INR,2026-09-21T06:00:00Z
Mumbai,Mango,140.00,INR,2026-09-21T06:00:00Z
Mumbai,Apple,130.00,INR,2026-09-21T06:00:00Z
Pune,Avocado,195.00,INR,2026-09-21T06:00:00Z
Pune,Banana,32.00,INR,2026-09-21T06:00:00Z
Pune,Tomato,38.00,INR,2026-09-21T06:00:00Z
Pune,Mango,145.00,INR,2026-09-21T06:00:00Z
Pune,Apple,125.00,INR,2026-09-21T06:00:00Z
Hyderabad,Avocado,190.00,INR,2026-09-21T06:00:00Z
Hyderabad,Banana,30.00,INR,2026-09-21T06:00:00Z
Hyderabad,Tomato,45.00,INR,2026-09-21T06:00:00Z
Hyderabad,Mango,130.00,INR,2026-09-21T06:00:00Z
Hyderabad,Apple,135.00,INR,2026-09-21T06:00:00Z
Bengaluru,Avocado,210.00,INR,2026-09-21T06:00:00Z
Bengaluru,Banana,38.00,INR,2026-09-21T06:00:00Z
Bengaluru,Tomato,42.00,INR,2026-09-21T06:00:00Z
Bengaluru,Mango,150.00,INR,2026-09-21T06:00:00Z
Bengaluru,Apple,140.00,INR,2026-09-21T06:00:00Z
Chennai,Avocado,185.00,INR,2026-09-21T06:00:00Z
Chennai,Banana,34.00,INR,2026-09-21T06:00:00Z
Chennai,Tomato,44.00,INR,2026-09-21T06:00:00Z
Chennai,Mango,135.00,INR,2026-09-21T06:00:00Z
Chennai,Apple,138.00,INR,2026-09-21T06:00:00Z
Delhi,Avocado,220.00,INR,2026-09-21T06:00:00Z
Delhi,Banana,40.00,INR,2026-09-21T06:00:00Z
Delhi,Tomato,50.00,INR,2026-09-21T06:00:00Z
Delhi,Mango,160.00,INR,2026-09-21T06:00:00Z
Delhi,Apple,150.00,INR,2026-09-21T06:00:00Z
